{"collecting_rates": 0.5012044860806216, "redistribution_rates": 0.026686193291053168, "catch": 0.07305488472182418, "fine_rate": 0.008292841976116096}