{"collecting_rates": 0.0011555669459148155, "redistribution_rates": 0.26761731510814907, "catch": 0.25364541006559244, "fine_rate": 0.31322289835197153}