{"collecting_rates": 0.19186666666666669, "redistribution_rates": 0.44756666666666667, "catch": 0.46193333333333336, "fine_rate": 0.41936666666666667}